VTX, IDX, POSITION.x, POSITION.y, POSITION.z, NORMAL.x, NORMAL.y, NORMAL.z, TEXCOORD0.x, TEXCOORD0.y
0, 0,  0.85626,  3.35308, -0.48516,  0.83464,  0.3467,  0.42799,  0.13353,  0.76511
1, 1,  1.09469,  2.24498, -0.05252,  0.83464,  0.3467,  0.42799,  0.13353,  0.76511
2, 2,  1.16354,  2.4271, -0.33431,  0.83464,  0.3467,  0.42799,  0.13353,  0.76511
3, 3, -1.6717,  2.12973,  0.51102, -0.26769, -0.20589,  0.94125,  0.13353,  0.76511
4, 4, -0.97307,  2.07359,  0.74951, -0.26769, -0.20589,  0.94125,  0.13353,  0.76511
5, 5, -0.57488,  3.0516,  1.02461, -0.26769, -0.20589,  0.94125,  0.13353,  0.76511
6, 3, -1.6717,  2.12973,  0.51102, -0.26769, -0.20589,  0.94125,  0.13353,  0.76511
7, 5, -0.57488,  3.0516,  1.02461, -0.26769, -0.20589,  0.94125,  0.13353,  0.76511
8, 6, -1.16085,  3.02116,  0.90337, -0.26769, -0.20589,  0.94125,  0.13353,  0.76511
9, 7,  0.17751,  1.64375, -0.43597,  0.03429, -0.99458, -0.09819,  0.13353,  0.76511
10, 8,  0.17361,  1.67196,  0.2411,  0.03429, -0.99458, -0.09819,  0.13353,  0.76511
11, 9, -0.60906,  1.58475, -0.11308,  0.03429, -0.99458, -0.09819,  0.13353,  0.76511
12, 7,  0.17751,  1.64375, -0.43597,  0.03429, -0.99458, -0.09819,  0.13353,  0.76511
13, 9, -0.60906,  1.58475, -0.11308,  0.03429, -0.99458, -0.09819,  0.13353,  0.76511
14, 10, -0.34902,  1.73831, -0.61351,  0.03429, -0.99458, -0.09819,  0.13353,  0.76511
15, 11, -0.06917,  3.26447,  0.8578,  0.08115,  0.72469,  0.68428,  0.13353,  0.76511
16, 12,  0.05748,  3.08149,  1.11738,  0.08115,  0.72469,  0.68428,  0.13353,  0.76511
17, 13,  0.27196,  3.04574,  1.049,  0.08115,  0.72469,  0.68428,  0.13353,  0.76511
18, 11, -0.06917,  3.26447,  0.8578,  0.08115,  0.72469,  0.68428,  0.13353,  0.76511
19, 13,  0.27196,  3.04574,  1.049,  0.08115,  0.72469,  0.68428,  0.13353,  0.76511
20, 14,  0.2849,  3.35768,  0.79792,  0.08115,  0.72469,  0.68428,  0.13353,  0.76511
21, 15,  0.2813,  3.52019,  0.28577, -0.1956,  0.93436,  0.29786,  0.13353,  0.76511
22, 16, -0.06917,  3.26447,  0.8578, -0.1956,  0.93436,  0.29786,  0.13353,  0.76511
23, 17,  0.2849,  3.35768,  0.79792, -0.1956,  0.93436,  0.29786,  0.13353,  0.76511
24, 18, -1.16085,  3.02116,  0.90337, -0.20032,  0.49953,  0.84282,  0.13353,  0.76511
25, 19, -0.57488,  3.0516,  1.02461, -0.20032,  0.49953,  0.84282,  0.13353,  0.76511
26, 20, -0.85628,  3.34735,  0.78243, -0.20032,  0.49953,  0.84282,  0.13353,  0.76511
27, 21, -1.94268,  1.85351,  0.29065, -0.75424,  0.19654,  0.62649,  0.13353,  0.76511
28, 22, -1.6717,  2.12973,  0.51102, -0.7641,  0.18605,  0.61768,  0.13353,  0.76511
29, 23, -1.5845,  2.65533,  0.47033, -0.7641,  0.18605,  0.61768,  0.13353,  0.76511
30, 21, -1.94268,  1.85351,  0.29065, -0.75424,  0.19654,  0.62649,  0.13353,  0.76511
31, 23, -1.5845,  2.65533,  0.47033, -0.7641,  0.18605,  0.61768,  0.13353,  0.76511
32, 24, -2.07065,  2.16061,  0.02104, -0.75424,  0.19654,  0.62649,  0.13353,  0.76511
33, 23, -1.5845,  2.65533,  0.47033, -0.7641,  0.18605,  0.61768,  0.13353,  0.76511
34, 22, -1.6717,  2.12973,  0.51102, -0.7641,  0.18605,  0.61768,  0.13353,  0.76511
35, 25, -1.16085,  3.02116,  0.90337, -0.77375,  0.1755,  0.6087,  0.13353,  0.76511
36, 26, -0.68281,  3.74632, -0.24856, -0.19059,  0.98046, -0.04869,  0.13353,  0.76511
37, 27, -0.76006,  3.76403,  0.41055, -0.19059,  0.98046, -0.04869,  0.13353,  0.76511
38, 28, -0.22308,  3.86052,  0.25166, -0.19059,  0.98046, -0.04869,  0.13353,  0.76511
39, 29, -1.94268,  1.85351,  0.29065, -0.79497, -0.4608, -0.39458,  0.13353,  0.76511
40, 30, -2.07065,  2.16061,  0.02104, -0.79497, -0.4608, -0.39458,  0.13353,  0.76511
41, 31, -1.93071,  2.31642, -0.27405, -0.79497, -0.4608, -0.39458,  0.13353,  0.76511
42, 29, -1.94268,  1.85351,  0.29065, -0.79497, -0.4608, -0.39458,  0.13353,  0.76511
43, 31, -1.93071,  2.31642, -0.27405, -0.79497, -0.4608, -0.39458,  0.13353,  0.76511
44, 32, -1.80866,  1.74312, -0.01924, -0.79497, -0.4608, -0.39458,  0.13353,  0.76511
45, 33, -0.57488,  3.0516,  1.02461, -0.21649,  0.6045,  0.76663,  0.13353,  0.76511
46, 34, -0.37265,  3.30725,  0.95063, -0.21649,  0.6045,  0.76663,  0.13353,  0.76511
47, 35, -0.76006,  3.76403,  0.41055, -0.21649,  0.6045,  0.76663,  0.13353,  0.76511
48, 33, -0.57488,  3.0516,  1.02461, -0.21649,  0.6045,  0.76663,  0.13353,  0.76511
49, 35, -0.76006,  3.76403,  0.41055, -0.21649,  0.6045,  0.76663,  0.13353,  0.76511
50, 36, -0.85628,  3.34735,  0.78243, -0.21649,  0.6045,  0.76663,  0.13353,  0.76511
51, 37,  0.31999,  2.70504,  1.20798, -0.06893, -0.40691,  0.91086,  0.13353,  0.76511
52, 38, -1.01726,  1.71234,  0.66331, -0.06893, -0.40691,  0.91086,  0.13353,  0.76511
53, 39,  0.03106,  1.92642,  0.83827, -0.06893, -0.40691,  0.91086,  0.13353,  0.76511
54, 40, -1.42363,  3.23946,  0.31069, -0.60426,  0.51344,  0.6093,  0.13353,  0.76511
55, 41, -1.11657,  3.25144,  0.48893, -0.60426,  0.51344,  0.6093,  0.13353,  0.76511
56, 42, -0.85628,  3.34735,  0.78243, -0.60426,  0.51344,  0.6093,  0.13353,  0.76511
57, 40, -1.42363,  3.23946,  0.31069, -0.60426,  0.51344,  0.6093,  0.13353,  0.76511
58, 42, -0.85628,  3.34735,  0.78243, -0.60426,  0.51344,  0.6093,  0.13353,  0.76511
59, 43, -0.76006,  3.76403,  0.41055, -0.60426,  0.51344,  0.6093,  0.13353,  0.76511
60, 44, -0.57488,  3.0516,  1.02461, -0.26863,  0.25348,  0.92929,  0.13353,  0.76511
61, 45, -0.36548,  2.56542,  1.21775, -0.26863,  0.25348,  0.92929,  0.13353,  0.76511
62, 46, -0.24607,  2.90849,  1.15869, -0.26863,  0.25348,  0.92929,  0.13353,  0.76511
63, 47, -0.0238,  2.17735, -0.94989,  0.25074, -0.47668, -0.84256,  0.13353,  0.76511
64, 48,  1.08825,  2.2631, -0.66378,  0.25346, -0.47453, -0.84296,  0.13353,  0.76511
65, 49,  0.23945,  1.88891, -0.70836,  0.25074, -0.47668, -0.84256,  0.13353,  0.76511
66, 50, -0.93356,  1.87559, -1.04623,  0.248, -0.47883, -0.84215,  0.13353,  0.76511
67, 47, -0.0238,  2.17735, -0.94989,  0.25074, -0.47668, -0.84256,  0.13353,  0.76511
68, 49,  0.23945,  1.88891, -0.70836,  0.25074, -0.47668, -0.84256,  0.13353,  0.76511
69, 51, -1.01726,  1.71234,  0.66331, -0.01685, -0.58199,  0.81302,  0.13353,  0.76511
70, 52, -0.75738,  1.38931,  0.43746, -0.01685, -0.58199,  0.81302,  0.13353,  0.76511
71, 53,  0.03106,  1.92642,  0.83827, -0.01685, -0.58199,  0.81302,  0.13353,  0.76511
72, 54,  1.16354,  2.4271, -0.33431,  0.64491, -0.73645, -0.20428,  0.13353,  0.76511
73, 55,  1.09469,  2.24498, -0.05252,  0.64491, -0.73645, -0.20428,  0.13353,  0.76511
74, 56,  0.91866,  2.04165,  0.28216,  0.64491, -0.73645, -0.20428,  0.13353,  0.76511
75, 54,  1.16354,  2.4271, -0.33431,  0.64491, -0.73645, -0.20428,  0.13353,  0.76511
76, 56,  0.91866,  2.04165,  0.28216,  0.64491, -0.73645, -0.20428,  0.13353,  0.76511
77, 57,  0.74017,  1.84754,  0.26107,  0.64491, -0.73645, -0.20428,  0.13353,  0.76511
78, 58, -1.04048,  3.34255, -0.42715, -0.41106,  0.75974, -0.50381,  0.13353,  0.76511
79, 59, -1.49318,  3.39536,  0.02186, -0.41106,  0.75974, -0.50381,  0.13353,  0.76511
80, 60, -0.63592,  3.60633, -0.35946, -0.41106,  0.75974, -0.50381,  0.13353,  0.76511
81, 61, -0.34902,  1.73831, -0.61351,  0.42762, -0.88625, -0.17805,  0.13353,  0.76511
82, 62, -0.60906,  1.58475, -0.11308,  0.42762, -0.88625, -0.17805,  0.13353,  0.76511
83, 63, -1.25435,  1.20709, -0.14365,  0.42762, -0.88625, -0.17805,  0.13353,  0.76511
84, 61, -0.34902,  1.73831, -0.61351,  0.42762, -0.88625, -0.17805,  0.13353,  0.76511
85, 63, -1.25435,  1.20709, -0.14365,  0.42762, -0.88625, -0.17805,  0.13353,  0.76511
86, 64, -1.01585,  1.51532, -0.74443,  0.42762, -0.88625, -0.17805,  0.13353,  0.76511
87, 65, -1.34701,  1.83241, -0.81129, -0.77453,  0.38663, -0.50062,  0.13353,  0.76511
88, 66, -1.54056,  2.04273, -0.43217, -0.77453,  0.38663, -0.50062,  0.13353,  0.76511
89, 67, -1.10792,  2.5389, -0.63557, -0.77453,  0.38663, -0.50062,  0.13353,  0.76511
90, 65, -1.34701,  1.83241, -0.81129, -0.77453,  0.38663, -0.50062,  0.13353,  0.76511
91, 67, -1.10792,  2.5389, -0.63557, -0.77453,  0.38663, -0.50062,  0.13353,  0.76511
92, 68, -1.1311,  2.26947, -0.89054, -0.77453,  0.38663, -0.50062,  0.13353,  0.76511
93, 69, -1.93071,  2.31642, -0.27405, -0.40601, -0.05166, -0.91241,  0.13353,  0.76511
94, 70, -1.56014,  2.68641, -0.4599, -0.39112, -0.05148, -0.9189,  0.13353,  0.76511
95, 71, -1.54056,  2.04273, -0.43217, -0.39112, -0.05148, -0.9189,  0.13353,  0.76511
96, 71, -1.54056,  2.04273, -0.43217, -0.39112, -0.05148, -0.9189,  0.13353,  0.76511
97, 70, -1.56014,  2.68641, -0.4599, -0.39112, -0.05148, -0.9189,  0.13353,  0.76511
98, 72, -1.10792,  2.5389, -0.63557, -0.37612, -0.0513, -0.92515,  0.13353,  0.76511
99, 73, -0.36548,  2.56542,  1.21775, -0.01299,  0.20114,  0.97948,  0.13353,  0.76511
100, 74,  0.31999,  2.70504,  1.20798, -0.01299,  0.20114,  0.97948,  0.13353,  0.76511
101, 75,  0.05748,  3.08149,  1.11738, -0.01299,  0.20114,  0.97948,  0.13353,  0.76511
102, 73, -0.36548,  2.56542,  1.21775, -0.01299,  0.20114,  0.97948,  0.13353,  0.76511
103, 75,  0.05748,  3.08149,  1.11738, -0.01299,  0.20114,  0.97948,  0.13353,  0.76511
104, 76, -0.24607,  2.90849,  1.15869, -0.01299,  0.20114,  0.97948,  0.13353,  0.76511
105, 77,  0.85626,  3.35308, -0.48516,  0.47233,  0.56284, -0.67832,  0.13353,  0.76511
106, 78,  0.77456,  2.90076, -0.91736,  0.47233,  0.56284, -0.67832,  0.13353,  0.76511
107, 79,  0.47257,  3.01998, -1.02873,  0.47233,  0.56284, -0.67832,  0.13353,  0.76511
108, 80, -1.5845,  2.65533,  0.47033, -0.48017,  0.35184,  0.80352,  0.13353,  0.76511
109, 81, -1.11657,  3.25144,  0.48893, -0.48017,  0.35184,  0.80352,  0.13353,  0.76511
110, 82, -1.42363,  3.23946,  0.31069, -0.48017,  0.35184,  0.80352,  0.13353,  0.76511
111, 83,  0.48176,  2.15193,  0.74321,  0.47441, -0.76332,  0.4385,  0.13353,  0.76511
112, 84,  0.03106,  1.92642,  0.83827,  0.47441, -0.76332,  0.4385,  0.13353,  0.76511
113, 85,  0.17361,  1.67196,  0.2411,  0.47441, -0.76332,  0.4385,  0.13353,  0.76511
114, 86,  0.31999,  2.70504,  1.20798,  0.4146, -0.51129,  0.75279,  0.13353,  0.76511
115, 87,  0.03106,  1.92642,  0.83827,  0.4146, -0.51129,  0.75279,  0.13353,  0.76511
116, 88,  0.48176,  2.15193,  0.74321,  0.4146, -0.51129,  0.75279,  0.13353,  0.76511
117, 89, -0.93356,  1.87559, -1.04623,  0.0637,  0.12434, -0.99019,  0.13353,  0.76511
118, 90, -0.73084,  2.34633, -0.97415,  0.0637,  0.12434, -0.99019,  0.13353,  0.76511
119, 91, -0.19544,  3.03777, -0.85281,  0.0637,  0.12434, -0.99019,  0.13353,  0.76511
120, 89, -0.93356,  1.87559, -1.04623,  0.0637,  0.12434, -0.99019,  0.13353,  0.76511
121, 91, -0.19544,  3.03777, -0.85281,  0.0637,  0.12434, -0.99019,  0.13353,  0.76511
122, 92, -0.0238,  2.17735, -0.94989,  0.0637,  0.12434, -0.99019,  0.13353,  0.76511
123, 93,  0.85626,  3.35308, -0.48516,  0.88698,  0.25218, -0.38687,  0.13353,  0.76511
124, 94,  1.16354,  2.4271, -0.33431,  0.88698,  0.25218, -0.38687,  0.13353,  0.76511
125, 95,  1.08825,  2.2631, -0.66378,  0.88698,  0.25218, -0.38687,  0.13353,  0.76511
126, 93,  0.85626,  3.35308, -0.48516,  0.88698,  0.25218, -0.38687,  0.13353,  0.76511
127, 95,  1.08825,  2.2631, -0.66378,  0.88698,  0.25218, -0.38687,  0.13353,  0.76511
128, 96,  0.77456,  2.90076, -0.91736,  0.88698,  0.25218, -0.38687,  0.13353,  0.76511
129, 97, -1.25435,  1.20709, -0.14365, -0.31821, -0.91895,  0.23295,  0.13353,  0.76511
130, 98, -1.15938,  1.30086,  0.35598, -0.31821, -0.91895,  0.23295,  0.13353,  0.76511
131, 99, -1.48997,  1.47427,  0.58846, -0.31821, -0.91895,  0.23295,  0.13353,  0.76511
132, 100, -0.22308,  3.86052,  0.25166,  0.26972,  0.85495, -0.44307,  0.13353,  0.76511
133, 101,  0.49217,  3.36989, -0.25966,  0.27056,  0.85742, -0.43776,  0.13353,  0.76511
134, 102, -0.68281,  3.74632, -0.24856,  0.27056,  0.85742, -0.43776,  0.13353,  0.76511
135, 102, -0.68281,  3.74632, -0.24856,  0.27056,  0.85742, -0.43776,  0.13353,  0.76511
136, 101,  0.49217,  3.36989, -0.25966,  0.27056,  0.85742, -0.43776,  0.13353,  0.76511
137, 103, -0.41749,  3.47589, -0.61977,  0.2577,  0.86334, -0.43386,  0.13353,  0.76511
138, 103, -0.41749,  3.47589, -0.61977,  0.2577,  0.86334, -0.43386,  0.13353,  0.76511
139, 104,  0.85626,  3.35308, -0.48516,  0.24397,  0.86666, -0.43518,  0.13353,  0.76511
140, 105,  0.47257,  3.01998, -1.02873,  0.24397,  0.86666, -0.43518,  0.13353,  0.76511
141, 103, -0.41749,  3.47589, -0.61977,  0.2577,  0.86334, -0.43386,  0.13353,  0.76511
142, 105,  0.47257,  3.01998, -1.02873,  0.24397,  0.86666, -0.43518,  0.13353,  0.76511
143, 106,  0.0305,  3.39587, -0.86288,  0.24397,  0.86666, -0.43518,  0.13353,  0.76511
144, 107,  1.09469,  2.24498, -0.05252,  0.8992, -0.06676,  0.4324,  0.13353,  0.76511
145, 108,  0.96602,  2.66163,  0.27939,  0.8992, -0.06676,  0.4324,  0.13353,  0.76511
146, 109,  0.91866,  2.04165,  0.28216,  0.8992, -0.06676,  0.4324,  0.13353,  0.76511
147, 110,  0.31999,  2.70504,  1.20798,  0.84454,  0.01511,  0.53529,  0.13353,  0.76511
148, 111,  0.48176,  2.15193,  0.74321,  0.84454,  0.01511,  0.53529,  0.13353,  0.76511
149, 112,  0.91866,  2.04165,  0.28216,  0.84454,  0.01511,  0.53529,  0.13353,  0.76511
150, 110,  0.31999,  2.70504,  1.20798,  0.84454,  0.01511,  0.53529,  0.13353,  0.76511
151, 112,  0.91866,  2.04165,  0.28216,  0.84454,  0.01511,  0.53529,  0.13353,  0.76511
152, 113,  0.27196,  3.04574,  1.049,  0.84454,  0.01511,  0.53529,  0.13353,  0.76511
153, 114,  0.0305,  3.39587, -0.86288, -0.42809,  0.24564, -0.86971,  0.13353,  0.76511
154, 115, -0.19544,  3.03777, -0.85281, -0.42809,  0.24564, -0.86971,  0.13353,  0.76511
155, 116, -0.41749,  3.47589, -0.61977, -0.42809,  0.24564, -0.86971,  0.13353,  0.76511
156, 117, -0.60906,  1.58475, -0.11308,  0.29494, -0.84643, -0.44336,  0.13353,  0.76511
157, 118,  0.17361,  1.67196,  0.2411,  0.29494, -0.84643, -0.44336,  0.13353,  0.76511
158, 119, -0.69758,  1.40227,  0.17642,  0.29494, -0.84643, -0.44336,  0.13353,  0.76511
159, 120,  0.2813,  3.52019,  0.28577,  0.37839,  0.70623,  0.59838,  0.13353,  0.76511
160, 121, -0.22308,  3.86052,  0.25166,  0.37839,  0.70623,  0.59838,  0.13353,  0.76511
161, 122, -0.37265,  3.30725,  0.95063,  0.37839,  0.70623,  0.59838,  0.13353,  0.76511
162, 120,  0.2813,  3.52019,  0.28577,  0.37839,  0.70623,  0.59838,  0.13353,  0.76511
163, 122, -0.37265,  3.30725,  0.95063,  0.37839,  0.70623,  0.59838,  0.13353,  0.76511
164, 123, -0.06917,  3.26447,  0.8578,  0.37839,  0.70623,  0.59838,  0.13353,  0.76511
165, 124, -0.19544,  3.03777, -0.85281, -0.24925,  0.13028, -0.95964,  0.13353,  0.76511
166, 125,  0.0305,  3.39587, -0.86288, -0.24925,  0.13028, -0.95964,  0.13353,  0.76511
167, 126,  0.47257,  3.01998, -1.02873, -0.24925,  0.13028, -0.95964,  0.13353,  0.76511
168, 127, -0.41749,  3.47589, -0.61977,  0.08853,  0.99369,  0.06886,  0.13353,  0.76511
169, 128,  0.49217,  3.36989, -0.25966,  0.08853,  0.99369,  0.06886,  0.13353,  0.76511
170, 129,  0.85626,  3.35308, -0.48516,  0.08853,  0.99369,  0.06886,  0.13353,  0.76511
171, 130,  0.03106,  1.92642,  0.83827,  0.533, -0.8423,  0.08027,  0.13353,  0.76511
172, 131, -0.75738,  1.38931,  0.43746,  0.533, -0.8423,  0.08027,  0.13353,  0.76511
173, 132, -0.69758,  1.40227,  0.17642,  0.533, -0.8423,  0.08027,  0.13353,  0.76511
174, 133, -0.37265,  3.30725,  0.95063,  0.03423,  0.63518,  0.77161,  0.13353,  0.76511
175, 134, -0.24607,  2.90849,  1.15869,  0.03423,  0.63518,  0.77161,  0.13353,  0.76511
176, 135,  0.05748,  3.08149,  1.11738,  0.03423,  0.63518,  0.77161,  0.13353,  0.76511
177, 133, -0.37265,  3.30725,  0.95063,  0.03423,  0.63518,  0.77161,  0.13353,  0.76511
178, 135,  0.05748,  3.08149,  1.11738,  0.03423,  0.63518,  0.77161,  0.13353,  0.76511
179, 136, -0.06917,  3.26447,  0.8578,  0.03423,  0.63518,  0.77161,  0.13353,  0.76511
180, 137, -1.04048,  3.34255, -0.42715, -0.34437,  0.69121, -0.63533,  0.13353,  0.76511
181, 138, -0.63592,  3.60633, -0.35946, -0.34437,  0.69121, -0.63533,  0.13353,  0.76511
182, 139, -0.41749,  3.47589, -0.61977, -0.34437,  0.69121, -0.63533,  0.13353,  0.76511
183, 140, -1.54056,  2.04273, -0.43217, -0.58171, -0.43057, -0.69009,  0.13353,  0.76511
184, 141, -1.80866,  1.74312, -0.01924, -0.58171, -0.43057, -0.69009,  0.13353,  0.76511
185, 142, -1.93071,  2.31642, -0.27405, -0.58171, -0.43057, -0.69009,  0.13353,  0.76511
186, 143, -0.75738,  1.38931,  0.43746,  0.24724, -0.96467,  0.09104,  0.13353,  0.76511
187, 144, -1.15938,  1.30086,  0.35598,  0.24724, -0.96467,  0.09104,  0.13353,  0.76511
188, 145, -1.25435,  1.20709, -0.14365,  0.24724, -0.96467,  0.09104,  0.13353,  0.76511
189, 143, -0.75738,  1.38931,  0.43746,  0.24724, -0.96467,  0.09104,  0.13353,  0.76511
190, 145, -1.25435,  1.20709, -0.14365,  0.24724, -0.96467,  0.09104,  0.13353,  0.76511
191, 146, -0.69758,  1.40227,  0.17642,  0.24724, -0.96467,  0.09104,  0.13353,  0.76511
192, 147, -1.6717,  2.12973,  0.51102, -0.04413,  0.25704,  0.96539,  0.13353,  0.76511
193, 148, -1.62563,  1.80402,  0.47053, -0.04413,  0.25704,  0.96539,  0.13353,  0.76511
194, 149, -1.38505,  1.70839,  0.63631, -0.04413,  0.25704,  0.96539,  0.13353,  0.76511
195, 147, -1.6717,  2.12973,  0.51102, -0.04413,  0.25704,  0.96539,  0.13353,  0.76511
196, 149, -1.38505,  1.70839,  0.63631, -0.04413,  0.25704,  0.96539,  0.13353,  0.76511
197, 150, -1.24295,  1.93753,  0.45247, -0.04413,  0.25704,  0.96539,  0.13353,  0.76511
198, 151, -1.69817,  2.74304,  0.05033, -0.917,  0.29966,  0.26327,  0.13353,  0.76511
199, 152, -1.49318,  3.39536,  0.02186, -0.917,  0.29966,  0.26327,  0.13353,  0.76511
200, 153, -1.93071,  2.31642, -0.27405, -0.917,  0.29966,  0.26327,  0.13353,  0.76511
201, 154, -0.76006,  3.76403,  0.41055,  0.04532,  0.77854,  0.62596,  0.13353,  0.76511
202, 155, -0.37265,  3.30725,  0.95063,  0.04532,  0.77854,  0.62596,  0.13353,  0.76511
203, 156, -0.22308,  3.86052,  0.25166,  0.04532,  0.77854,  0.62596,  0.13353,  0.76511
204, 157,  0.17361,  1.67196,  0.2411, -0.00331, -0.99999, -0.00151,  0.13353,  0.76511
205, 158,  0.17751,  1.64375, -0.43597, -0.00331, -0.99999, -0.00151,  0.13353,  0.76511
206, 159,  0.63348,  1.67155, -0.49527, -0.00331, -0.99999, -0.00151,  0.13353,  0.76511
207, 157,  0.17361,  1.67196,  0.2411, -0.00331, -0.99999, -0.00151,  0.13353,  0.76511
208, 159,  0.63348,  1.67155, -0.49527, -0.00331, -0.99999, -0.00151,  0.13353,  0.76511
209, 160,  0.62189,  1.64192, -0.20092, -0.00331, -0.99999, -0.00151,  0.13353,  0.76511
210, 161, -1.01726,  1.71234,  0.66331, -0.60188, -0.01658,  0.79841,  0.13353,  0.76511
211, 162, -0.36548,  2.56542,  1.21775, -0.60188, -0.01658,  0.79841,  0.13353,  0.76511
212, 163, -0.57488,  3.0516,  1.02461, -0.60188, -0.01658,  0.79841,  0.13353,  0.76511
213, 161, -1.01726,  1.71234,  0.66331, -0.60188, -0.01658,  0.79841,  0.13353,  0.76511
214, 163, -0.57488,  3.0516,  1.02461, -0.60188, -0.01658,  0.79841,  0.13353,  0.76511
215, 164, -0.97307,  2.07359,  0.74951, -0.60188, -0.01658,  0.79841,  0.13353,  0.76511
216, 165, -0.73084,  2.34633, -0.97415, -0.38078,  0.16841, -0.9092,  0.13353,  0.76511
217, 166, -0.93356,  1.87559, -1.04623, -0.38078,  0.16841, -0.9092,  0.13353,  0.76511
218, 167, -1.34701,  1.83241, -0.81129, -0.38078,  0.16841, -0.9092,  0.13353,  0.76511
219, 165, -0.73084,  2.34633, -0.97415, -0.38078,  0.16841, -0.9092,  0.13353,  0.76511
220, 167, -1.34701,  1.83241, -0.81129, -0.38078,  0.16841, -0.9092,  0.13353,  0.76511
221, 168, -1.1311,  2.26947, -0.89054, -0.38078,  0.16841, -0.9092,  0.13353,  0.76511
222, 169, -0.34902,  1.73831, -0.61351,  0.14611, -0.86885, -0.47302,  0.13353,  0.76511
223, 170, -0.93356,  1.87559, -1.04623,  0.14611, -0.86885, -0.47302,  0.13353,  0.76511
224, 171,  0.23945,  1.88891, -0.70836,  0.14611, -0.86885, -0.47302,  0.13353,  0.76511
225, 172, -0.93356,  1.87559, -1.04623, -0.37035, -0.54534, -0.75196,  0.13353,  0.76511
226, 173, -1.01585,  1.51532, -0.74443, -0.37035, -0.54534, -0.75196,  0.13353,  0.76511
227, 174, -1.34701,  1.83241, -0.81129, -0.37035, -0.54534, -0.75196,  0.13353,  0.76511
228, 175, -0.36548,  2.56542,  1.21775,  0.13551, -0.61063,  0.78023,  0.13353,  0.76511
229, 176, -1.01726,  1.71234,  0.66331,  0.13551, -0.61063,  0.78023,  0.13353,  0.76511
230, 177,  0.31999,  2.70504,  1.20798,  0.13551, -0.61063,  0.78023,  0.13353,  0.76511
231, 178, -1.49318,  3.39536,  0.02186, -0.88751,  0.31393,  0.3373,  0.13353,  0.76511
232, 179, -1.69817,  2.74304,  0.05033, -0.88751,  0.31393,  0.3373,  0.13353,  0.76511
233, 180, -1.5845,  2.65533,  0.47033, -0.88751,  0.31393,  0.3373,  0.13353,  0.76511
234, 178, -1.49318,  3.39536,  0.02186, -0.88751,  0.31393,  0.3373,  0.13353,  0.76511
235, 180, -1.5845,  2.65533,  0.47033, -0.88751,  0.31393,  0.3373,  0.13353,  0.76511
236, 181, -1.42363,  3.23946,  0.31069, -0.88751,  0.31393,  0.3373,  0.13353,  0.76511
237, 182, -1.42363,  3.23946,  0.31069, -0.49652,  0.85951,  0.12127,  0.13353,  0.76511
238, 183, -0.76006,  3.76403,  0.41055, -0.49652,  0.85951,  0.12127,  0.13353,  0.76511
239, 184, -0.68281,  3.74632, -0.24856, -0.49652,  0.85951,  0.12127,  0.13353,  0.76511
240, 182, -1.42363,  3.23946,  0.31069, -0.49652,  0.85951,  0.12127,  0.13353,  0.76511
241, 184, -0.68281,  3.74632, -0.24856, -0.49652,  0.85951,  0.12127,  0.13353,  0.76511
242, 185, -1.49318,  3.39536,  0.02186, -0.49652,  0.85951,  0.12127,  0.13353,  0.76511
243, 186,  0.17361,  1.67196,  0.2411,  0.42041, -0.77075,  0.47875,  0.13353,  0.76511
244, 187,  0.62189,  1.64192, -0.20092,  0.42041, -0.77075,  0.47875,  0.13353,  0.76511
245, 188,  0.48176,  2.15193,  0.74321,  0.42041, -0.77075,  0.47875,  0.13353,  0.76511
246, 189, -1.93071,  2.31642, -0.27405, -0.8347,  0.5394, -0.11102,  0.13353,  0.76511
247, 190, -2.07065,  2.16061,  0.02104, -0.8347,  0.5394, -0.11102,  0.13353,  0.76511
248, 191, -1.69817,  2.74304,  0.05033, -0.8347,  0.5394, -0.11102,  0.13353,  0.76511
249, 192,  1.16354,  2.4271, -0.33431,  0.82426, -0.56599,  0.01543,  0.13353,  0.76511
250, 193,  0.74017,  1.84754,  0.26107,  0.82426, -0.56599,  0.01543,  0.13353,  0.76511
251, 194,  0.62189,  1.64192, -0.20092,  0.82426, -0.56599,  0.01543,  0.13353,  0.76511
252, 192,  1.16354,  2.4271, -0.33431,  0.82426, -0.56599,  0.01543,  0.13353,  0.76511
253, 194,  0.62189,  1.64192, -0.20092,  0.82426, -0.56599,  0.01543,  0.13353,  0.76511
254, 195,  0.63348,  1.67155, -0.49527,  0.82426, -0.56599,  0.01543,  0.13353,  0.76511
255, 196, -0.68281,  3.74632, -0.24856, -0.62771,  0.34322, -0.6987,  0.13353,  0.76511
256, 197, -0.41749,  3.47589, -0.61977, -0.62771,  0.34322, -0.6987,  0.13353,  0.76511
257, 198, -0.63592,  3.60633, -0.35946, -0.62771,  0.34322, -0.6987,  0.13353,  0.76511
258, 199,  1.08825,  2.2631, -0.66378,  0.06625, -0.13157, -0.98909,  0.13353,  0.76511
259, 200, -0.0238,  2.17735, -0.94989,  0.06625, -0.13157, -0.98909,  0.13353,  0.76511
260, 201, -0.19544,  3.03777, -0.85281,  0.06625, -0.13157, -0.98909,  0.13353,  0.76511
261, 199,  1.08825,  2.2631, -0.66378,  0.06625, -0.13157, -0.98909,  0.13353,  0.76511
262, 201, -0.19544,  3.03777, -0.85281,  0.06625, -0.13157, -0.98909,  0.13353,  0.76511
263, 202,  0.47257,  3.01998, -1.02873,  0.06625, -0.13157, -0.98909,  0.13353,  0.76511
264, 203, -1.80866,  1.74312, -0.01924, -0.83072, -0.22435, -0.50949,  0.13353,  0.76511
265, 204, -1.54056,  2.04273, -0.43217, -0.83072, -0.22435, -0.50949,  0.13353,  0.76511
266, 205, -1.34701,  1.83241, -0.81129, -0.83072, -0.22435, -0.50949,  0.13353,  0.76511
267, 203, -1.80866,  1.74312, -0.01924, -0.83072, -0.22435, -0.50949,  0.13353,  0.76511
268, 205, -1.34701,  1.83241, -0.81129, -0.83072, -0.22435, -0.50949,  0.13353,  0.76511
269, 206, -1.4759,  1.34008, -0.22818, -0.83072, -0.22435, -0.50949,  0.13353,  0.76511
270, 207,  0.2813,  3.52019,  0.28577,  0.55984,  0.82852, -0.01188,  0.13353,  0.76511
271, 208,  0.49217,  3.36989, -0.25966,  0.55984,  0.82852, -0.01188,  0.13353,  0.76511
272, 209, -0.22308,  3.86052,  0.25166,  0.55984,  0.82852, -0.01188,  0.13353,  0.76511
273, 210, -1.49318,  3.39536,  0.02186, -0.71272,  0.43906, -0.54705,  0.13353,  0.76511
274, 211, -1.56014,  2.68641, -0.4599, -0.71272,  0.43906, -0.54705,  0.13353,  0.76511
275, 212, -1.93071,  2.31642, -0.27405, -0.71272,  0.43906, -0.54705,  0.13353,  0.76511
276, 213,  0.17751,  1.64375, -0.43597, -0.04264, -0.73776, -0.67371,  0.13353,  0.76511
277, 214,  0.23945,  1.88891, -0.70836, -0.04264, -0.73776, -0.67371,  0.13353,  0.76511
278, 215,  0.63348,  1.67155, -0.49527, -0.04264, -0.73776, -0.67371,  0.13353,  0.76511
279, 216, -0.93356,  1.87559, -1.04623,  0.34946, -0.64729, -0.67742,  0.13353,  0.76511
280, 217, -0.34902,  1.73831, -0.61351,  0.34946, -0.64729, -0.67742,  0.13353,  0.76511
281, 218, -1.01585,  1.51532, -0.74443,  0.34946, -0.64729, -0.67742,  0.13353,  0.76511
282, 219, -0.68281,  3.74632, -0.24856, -0.45298,  0.4554, -0.76643,  0.13353,  0.76511
283, 220, -0.63592,  3.60633, -0.35946, -0.45298,  0.4554, -0.76643,  0.13353,  0.76511
284, 221, -1.49318,  3.39536,  0.02186, -0.45298,  0.4554, -0.76643,  0.13353,  0.76511
285, 222,  0.2849,  3.35768,  0.79792,  0.76846,  0.61146,  0.18862,  0.13353,  0.76511
286, 223,  0.96602,  2.66163,  0.27939,  0.76846,  0.61146,  0.18862,  0.13353,  0.76511
287, 224,  0.2813,  3.52019,  0.28577,  0.76846,  0.61146,  0.18862,  0.13353,  0.76511
288, 225,  0.91866,  2.04165,  0.28216,  0.72839, -0.0526,  0.68314,  0.13353,  0.76511
289, 226,  0.96602,  2.66163,  0.27939,  0.72839, -0.0526,  0.68314,  0.13353,  0.76511
290, 227,  0.27196,  3.04574,  1.049,  0.72839, -0.0526,  0.68314,  0.13353,  0.76511
291, 228, -1.24295,  1.93753,  0.45247, -0.26239, -0.76463,  0.58864,  0.13353,  0.76511
292, 229, -0.97307,  2.07359,  0.74951, -0.26239, -0.76463,  0.58864,  0.13353,  0.76511
293, 230, -1.6717,  2.12973,  0.51102, -0.26239, -0.76463,  0.58864,  0.13353,  0.76511
294, 231,  0.2849,  3.35768,  0.79792,  0.77346,  0.37765,  0.50905,  0.13353,  0.76511
295, 232,  0.27196,  3.04574,  1.049,  0.77346,  0.37765,  0.50905,  0.13353,  0.76511
296, 233,  0.96602,  2.66163,  0.27939,  0.77346,  0.37765,  0.50905,  0.13353,  0.76511
297, 234, -1.62563,  1.80402,  0.47053, -0.5064, -0.17657,  0.84403,  0.13353,  0.76511
298, 235, -1.6717,  2.12973,  0.51102, -0.5064, -0.17657,  0.84403,  0.13353,  0.76511
299, 236, -1.94268,  1.85351,  0.29065, -0.5064, -0.17657,  0.84403,  0.13353,  0.76511
300, 237, -1.94268,  1.85351,  0.29065, -0.4764,  0.11573,  0.87158,  0.13353,  0.76511
301, 238, -1.48997,  1.47427,  0.58846, -0.4764,  0.11573,  0.87158,  0.13353,  0.76511
302, 239, -1.62563,  1.80402,  0.47053, -0.4764,  0.11573,  0.87158,  0.13353,  0.76511
303, 240,  0.96602,  2.66163,  0.27939,  0.64647,  0.68625,  0.33338,  0.13353,  0.76511
304, 241,  0.85626,  3.35308, -0.48516,  0.64647,  0.68625,  0.33338,  0.13353,  0.76511
305, 242,  0.49217,  3.36989, -0.25966,  0.64647,  0.68625,  0.33338,  0.13353,  0.76511
306, 240,  0.96602,  2.66163,  0.27939,  0.64647,  0.68625,  0.33338,  0.13353,  0.76511
307, 242,  0.49217,  3.36989, -0.25966,  0.64647,  0.68625,  0.33338,  0.13353,  0.76511
308, 243,  0.2813,  3.52019,  0.28577,  0.64647,  0.68625,  0.33338,  0.13353,  0.76511
309, 244, -1.4759,  1.34008, -0.22818, -0.54559, -0.82841,  0.12673,  0.13353,  0.76511
310, 245, -1.25435,  1.20709, -0.14365, -0.54559, -0.82841,  0.12673,  0.13353,  0.76511
311, 246, -1.48997,  1.47427,  0.58846, -0.54559, -0.82841,  0.12673,  0.13353,  0.76511
312, 247, -1.10792,  2.5389, -0.63557, -0.35692,  0.26246, -0.89651,  0.13353,  0.76511
313, 248, -1.04048,  3.34255, -0.42715, -0.34852,  0.28206, -0.89386,  0.13353,  0.76511
314, 249, -0.19544,  3.03777, -0.85281, -0.34852,  0.28206, -0.89386,  0.13353,  0.76511
315, 249, -0.19544,  3.03777, -0.85281, -0.34852,  0.28206, -0.89386,  0.13353,  0.76511
316, 248, -1.04048,  3.34255, -0.42715, -0.34852,  0.28206, -0.89386,  0.13353,  0.76511
317, 250, -0.41749,  3.47589, -0.61977, -0.33995,  0.30153, -0.89079,  0.13353,  0.76511
318, 251,  1.16354,  2.4271, -0.33431,  0.80281, -0.58631,  0.10838,  0.13353,  0.76511
319, 252,  0.63348,  1.67155, -0.49527,  0.80281, -0.58631,  0.10838,  0.13353,  0.76511
320, 253,  1.08825,  2.2631, -0.66378,  0.80281, -0.58631,  0.10838,  0.13353,  0.76511
321, 254, -1.48997,  1.47427,  0.58846,  0.04125, -0.77188,  0.63443,  0.13353,  0.76511
322, 255, -1.15938,  1.30086,  0.35598,  0.04125, -0.77188,  0.63443,  0.13353,  0.76511
323, 256, -0.75738,  1.38931,  0.43746,  0.04125, -0.77188,  0.63443,  0.13353,  0.76511
324, 257,  0.96602,  2.66163,  0.27939,  0.96822,  0.23816,  0.07639,  0.13353,  0.76511
325, 258,  1.09469,  2.24498, -0.05252,  0.96822,  0.23816,  0.07639,  0.13353,  0.76511
326, 259,  0.85626,  3.35308, -0.48516,  0.96822,  0.23816,  0.07639,  0.13353,  0.76511
327, 260, -1.48997,  1.47427,  0.58846,  0.11803, -0.50347,  0.85591,  0.13353,  0.76511
328, 261, -0.75738,  1.38931,  0.43746,  0.11803, -0.50347,  0.85591,  0.13353,  0.76511
329, 262, -1.01726,  1.71234,  0.66331,  0.11803, -0.50347,  0.85591,  0.13353,  0.76511
330, 263, -1.62563,  1.80402,  0.47053, -0.54576,  0.07399,  0.83467,  0.13353,  0.76511
331, 264, -1.48997,  1.47427,  0.58846, -0.54576,  0.07399,  0.83467,  0.13353,  0.76511
332, 265, -1.38505,  1.70839,  0.63631, -0.54576,  0.07399,  0.83467,  0.13353,  0.76511
333, 266, -1.10792,  2.5389, -0.63557, -0.27284,  0.67355, -0.68695,  0.13353,  0.76511
334, 267, -0.73084,  2.34633, -0.97415, -0.27284,  0.67355, -0.68695,  0.13353,  0.76511
335, 268, -1.1311,  2.26947, -0.89054, -0.27284,  0.67355, -0.68695,  0.13353,  0.76511
336, 269, -1.94268,  1.85351,  0.29065, -0.7078, -0.70388,  0.05978,  0.13353,  0.76511
337, 270, -1.80866,  1.74312, -0.01924, -0.7078, -0.70388,  0.05978,  0.13353,  0.76511
338, 271, -1.4759,  1.34008, -0.22818, -0.7078, -0.70388,  0.05978,  0.13353,  0.76511
339, 269, -1.94268,  1.85351,  0.29065, -0.7078, -0.70388,  0.05978,  0.13353,  0.76511
340, 271, -1.4759,  1.34008, -0.22818, -0.7078, -0.70388,  0.05978,  0.13353,  0.76511
341, 272, -1.48997,  1.47427,  0.58846, -0.7078, -0.70388,  0.05978,  0.13353,  0.76511
342, 273,  0.47257,  3.01998, -1.02873,  0.24605, -0.25123, -0.93613,  0.13353,  0.76511
343, 274,  0.77456,  2.90076, -0.91736,  0.24605, -0.25123, -0.93613,  0.13353,  0.76511
344, 275,  1.08825,  2.2631, -0.66378,  0.24605, -0.25123, -0.93613,  0.13353,  0.76511
345, 276, -0.73084,  2.34633, -0.97415, -0.44103,  0.47513, -0.76141,  0.13353,  0.76511
346, 277, -1.10792,  2.5389, -0.63557, -0.44103,  0.47513, -0.76141,  0.13353,  0.76511
347, 278, -0.19544,  3.03777, -0.85281, -0.44103,  0.47513, -0.76141,  0.13353,  0.76511
348, 279, -0.57488,  3.0516,  1.02461, -0.18743,  0.40697,  0.894,  0.13353,  0.76511
349, 280, -0.24607,  2.90849,  1.15869, -0.18743,  0.40697,  0.894,  0.13353,  0.76511
350, 281, -0.37265,  3.30725,  0.95063, -0.18743,  0.40697,  0.894,  0.13353,  0.76511
351, 282,  0.17361,  1.67196,  0.2411,  0.23806, -0.87173,  0.42828,  0.13353,  0.76511
352, 283,  0.03106,  1.92642,  0.83827,  0.23806, -0.87173,  0.42828,  0.13353,  0.76511
353, 284, -0.69758,  1.40227,  0.17642,  0.23806, -0.87173,  0.42828,  0.13353,  0.76511
354, 285,  0.23945,  1.88891, -0.70836,  0.08632, -0.75018, -0.65557,  0.13353,  0.76511
355, 286,  0.17751,  1.64375, -0.43597,  0.08632, -0.75018, -0.65557,  0.13353,  0.76511
356, 287, -0.34902,  1.73831, -0.61351,  0.08632, -0.75018, -0.65557,  0.13353,  0.76511
357, 288,  0.74017,  1.84754,  0.26107, -0.20542, -0.8735,  0.44137,  0.13353,  0.76511
358, 289,  0.48176,  2.15193,  0.74321, -0.20542, -0.8735,  0.44137,  0.13353,  0.76511
359, 290,  0.62189,  1.64192, -0.20092, -0.20542, -0.8735,  0.44137,  0.13353,  0.76511
360, 291,  0.91866,  2.04165,  0.28216,  0.53159, -0.55802,  0.6372,  0.13353,  0.76511
361, 292,  0.48176,  2.15193,  0.74321,  0.53159, -0.55802,  0.6372,  0.13353,  0.76511
362, 293,  0.74017,  1.84754,  0.26107,  0.53159, -0.55802,  0.6372,  0.13353,  0.76511
363, 294, -1.16085,  3.02116,  0.90337, -0.76579,  0.59339,  0.24789,  0.13353,  0.76511
364, 295, -1.11657,  3.25144,  0.48893, -0.76579,  0.59339,  0.24789,  0.13353,  0.76511
365, 296, -1.5845,  2.65533,  0.47033, -0.76579,  0.59339,  0.24789,  0.13353,  0.76511
366, 297, -1.16085,  3.02116,  0.90337, -0.62779,  0.70695,  0.32573,  0.13353,  0.76511
367, 298, -0.85628,  3.34735,  0.78243, -0.62779,  0.70695,  0.32573,  0.13353,  0.76511
368, 299, -1.11657,  3.25144,  0.48893, -0.62779,  0.70695,  0.32573,  0.13353,  0.76511
369, 300, -1.56014,  2.68641, -0.4599, -0.27364,  0.26291, -0.9252,  0.13353,  0.76511
370, 301, -1.04048,  3.34255, -0.42715, -0.27364,  0.26291, -0.9252,  0.13353,  0.76511
371, 302, -1.10792,  2.5389, -0.63557, -0.27364,  0.26291, -0.9252,  0.13353,  0.76511
372, 303, -1.24295,  1.93753,  0.45247, -0.06268,  0.64791,  0.75913,  0.13353,  0.76511
373, 304, -1.38505,  1.70839,  0.63631, -0.06268,  0.64791,  0.75913,  0.13353,  0.76511
374, 305, -1.01726,  1.71234,  0.66331, -0.06268,  0.64791,  0.75913,  0.13353,  0.76511
375, 306, -1.01726,  1.71234,  0.66331, -0.07034, -0.1694,  0.98303,  0.13353,  0.76511
376, 307, -1.38505,  1.70839,  0.63631, -0.07034, -0.1694,  0.98303,  0.13353,  0.76511
377, 308, -1.48997,  1.47427,  0.58846, -0.07034, -0.1694,  0.98303,  0.13353,  0.76511
378, 309, -1.69817,  2.74304,  0.05033, -0.80487,  0.49854,  0.32195,  0.13353,  0.76511
379, 310, -2.07065,  2.16061,  0.02104, -0.80487,  0.49854,  0.32195,  0.13353,  0.76511
380, 311, -1.5845,  2.65533,  0.47033, -0.80487,  0.49854,  0.32195,  0.13353,  0.76511
381, 312, -0.69758,  1.40227,  0.17642,  0.48459, -0.7992, -0.35561,  0.13353,  0.76511
382, 313, -1.25435,  1.20709, -0.14365,  0.48459, -0.7992, -0.35561,  0.13353,  0.76511
383, 314, -0.60906,  1.58475, -0.11308,  0.48459, -0.7992, -0.35561,  0.13353,  0.76511
384, 315,  0.23945,  1.88891, -0.70836,  0.23496, -0.42908, -0.87217,  0.13353,  0.76511
385, 316,  1.08825,  2.2631, -0.66378,  0.23496, -0.42908, -0.87217,  0.13353,  0.76511
386, 317,  0.63348,  1.67155, -0.49527,  0.23496, -0.42908, -0.87217,  0.13353,  0.76511
387, 318, -1.34701,  1.83241, -0.81129, -0.40307, -0.69519, -0.59519,  0.13353,  0.76511
388, 319, -1.01585,  1.51532, -0.74443, -0.40307, -0.69519, -0.59519,  0.13353,  0.76511
389, 320, -1.25435,  1.20709, -0.14365, -0.40307, -0.69519, -0.59519,  0.13353,  0.76511
390, 318, -1.34701,  1.83241, -0.81129, -0.40307, -0.69519, -0.59519,  0.13353,  0.76511
391, 320, -1.25435,  1.20709, -0.14365, -0.40307, -0.69519, -0.59519,  0.13353,  0.76511
392, 321, -1.4759,  1.34008, -0.22818, -0.40307, -0.69519, -0.59519,  0.13353,  0.76511
393, 322, -1.56014,  2.68641, -0.4599, -0.58269,  0.49371, -0.64555,  0.13353,  0.76511
394, 323, -1.49318,  3.39536,  0.02186, -0.58269,  0.49371, -0.64555,  0.13353,  0.76511
395, 324, -1.04048,  3.34255, -0.42715, -0.58269,  0.49371, -0.64555,  0.13353,  0.76511
396, 325,  0.05748,  3.08149,  1.11738,  0.33854,  0.43665,  0.8335,  0.13353,  0.76511
397, 326,  0.31999,  2.70504,  1.20798,  0.33854,  0.43665,  0.8335,  0.13353,  0.76511
398, 327,  0.27196,  3.04574,  1.049,  0.33854,  0.43665,  0.8335,  0.13353,  0.76511
399, 328, -1.24295,  1.93753,  0.45247, -0.72029, -0.07642,  0.68945,  0.13353,  0.76511
400, 329, -1.01726,  1.71234,  0.66331, -0.72029, -0.07642,  0.68945,  0.13353,  0.76511
401, 330, -0.97307,  2.07359,  0.74951, -0.72029, -0.07642,  0.68945,  0.13353,  0.76511
402, 331, -0.16947,  0.79242,  0.28414,  0.07389,  0.43998,  0.89496,  0.64474,  0.7944
403, 332, -0.6323,  0.93441,  0.24985,  0.07389,  0.43998,  0.89496,  0.64474,  0.7944
404, 333, -0.65574,  0.80579,  0.31771,  0.07389,  0.43998,  0.89496,  0.64474,  0.7944
405, 331, -0.16947,  0.79242,  0.28414,  0.07389,  0.43998,  0.89496,  0.64474,  0.7944
406, 333, -0.65574,  0.80579,  0.31771,  0.07389,  0.43998,  0.89496,  0.64474,  0.7944
407, 334, -0.18265,  0.58593,  0.38404,  0.07389,  0.43998,  0.89496,  0.64474,  0.7944
408, 335,  0.09121,  0.80605,  0.3143,  0.36744,  0.26261,  0.8922,  0.64474,  0.7944
409, 336,  0.43277,  2.36458, -0.28408,  0.36744,  0.26261,  0.8922,  0.64474,  0.7944
410, 337,  0.36398,  2.37889, -0.26098,  0.36744,  0.26261,  0.8922,  0.64474,  0.7944
411, 335,  0.09121,  0.80605,  0.3143,  0.36744,  0.26261,  0.8922,  0.64474,  0.7944
412, 337,  0.36398,  2.37889, -0.26098,  0.36744,  0.26261,  0.8922,  0.64474,  0.7944
413, 338, -0.05371,  0.818,  0.3715,  0.36744,  0.26261,  0.8922,  0.64474,  0.7944
414, 339,  0.00462,  0.74295,  0.08238,  0.60492, -0.35856, -0.711,  0.64474,  0.7944
415, 340,  0.39297,  2.36955, -0.40575,  0.60492, -0.35856, -0.711,  0.64474,  0.7944
416, 341,  0.44727,  2.35991, -0.35646,  0.60492, -0.35856, -0.711,  0.64474,  0.7944
417, 339,  0.00462,  0.74295,  0.08238,  0.60492, -0.35856, -0.711,  0.64474,  0.7944
418, 341,  0.44727,  2.35991, -0.35646,  0.60492, -0.35856, -0.711,  0.64474,  0.7944
419, 342,  0.12038,  0.76853,  0.16974,  0.60492, -0.35856, -0.711,  0.64474,  0.7944
420, 343,  0.12038,  0.76853,  0.16974,  0.96734, -0.12695,  0.2194,  0.64474,  0.7944
421, 344,  0.44727,  2.35991, -0.35646,  0.96734, -0.12695,  0.2194,  0.64474,  0.7944
422, 345,  0.43277,  2.36458, -0.28408,  0.96734, -0.12695,  0.2194,  0.64474,  0.7944
423, 343,  0.12038,  0.76853,  0.16974,  0.96734, -0.12695,  0.2194,  0.64474,  0.7944
424, 345,  0.43277,  2.36458, -0.28408,  0.96734, -0.12695,  0.2194,  0.64474,  0.7944
425, 346,  0.09121,  0.80605,  0.3143,  0.96734, -0.12695,  0.2194,  0.64474,  0.7944
426, 347, -0.05161, -0.00263,  0.50667, -0.5297,  0.05838,  0.84617,  0.64474,  0.7944
427, 348, -0.04771,  0.65425,  0.47109, -0.5297,  0.05838,  0.84617,  0.64474,  0.7944
428, 349, -0.18265,  0.58593,  0.38404, -0.5297,  0.05838,  0.84617,  0.64474,  0.7944
429, 347, -0.05161, -0.00263,  0.50667, -0.5297,  0.05838,  0.84617,  0.64474,  0.7944
430, 349, -0.18265,  0.58593,  0.38404, -0.5297,  0.05838,  0.84617,  0.64474,  0.7944
431, 350, -0.20133, -0.00263,  0.42024, -0.5297,  0.05838,  0.84617,  0.64474,  0.7944
432, 351,  0.21251, -0.00263,  0.20905,  0.96979,  0.06956,  0.23382,  0.64474,  0.7944
433, 352,  0.15234,  0.58907,  0.23737,  0.96979,  0.06956,  0.23382,  0.64474,  0.7944
434, 353,  0.11979,  0.65582,  0.39776,  0.96979,  0.06956,  0.23382,  0.64474,  0.7944
435, 351,  0.21251, -0.00263,  0.20905,  0.96979,  0.06956,  0.23382,  0.64474,  0.7944
436, 353,  0.11979,  0.65582,  0.39776,  0.96979,  0.06956,  0.23382,  0.64474,  0.7944
437, 354,  0.15531, -0.00263,  0.40108,  0.96979,  0.06956,  0.23382,  0.64474,  0.7944
438, 355, -0.20133, -0.00263,  0.42024, -0.96871,  0.00789, -0.24807,  0.64474,  0.7944
439, 356, -0.16106,  0.50891,  0.29327, -0.96871,  0.00789, -0.24807,  0.64474,  0.7944
440, 357, -0.15009,  0.51919,  0.22366, -0.9677,  0.00, -0.25211,  0.64474,  0.7944
441, 355, -0.20133, -0.00263,  0.42024, -0.96871,  0.00789, -0.24807,  0.64474,  0.7944
442, 357, -0.15009,  0.51919,  0.22366, -0.9677,  0.00, -0.25211,  0.64474,  0.7944
443, 358, -0.14413, -0.00263,  0.22821, -0.9677,  0.00, -0.25211,  0.64474,  0.7944
444, 359, -0.18265,  0.58593,  0.38404, -0.96964,  0.01578, -0.24401,  0.64474,  0.7944
445, 356, -0.16106,  0.50891,  0.29327, -0.96871,  0.00789, -0.24807,  0.64474,  0.7944
446, 355, -0.20133, -0.00263,  0.42024, -0.96871,  0.00789, -0.24807,  0.64474,  0.7944
447, 360,  0.06279, -0.00263,  0.12261,  0.50229,  0.09076, -0.85992,  0.64474,  0.7944
448, 361,  0.0174,  0.52075,  0.15032,  0.50229,  0.09076, -0.85992,  0.64474,  0.7944
449, 362,  0.15234,  0.58907,  0.23737,  0.50229,  0.09076, -0.85992,  0.64474,  0.7944
450, 360,  0.06279, -0.00263,  0.12261,  0.50229,  0.09076, -0.85992,  0.64474,  0.7944
451, 362,  0.15234,  0.58907,  0.23737,  0.50229,  0.09076, -0.85992,  0.64474,  0.7944
452, 363,  0.21251, -0.00263,  0.20905,  0.50229,  0.09076, -0.85992,  0.64474,  0.7944
453, 364,  0.15531, -0.00263,  0.40108,  0.43076,  0.03702,  0.90171,  0.64474,  0.7944
454, 365,  0.11979,  0.65582,  0.39776,  0.43076,  0.03702,  0.90171,  0.64474,  0.7944
455, 366, -0.04771,  0.65425,  0.47109,  0.43076,  0.03702,  0.90171,  0.64474,  0.7944
456, 364,  0.15531, -0.00263,  0.40108,  0.43076,  0.03702,  0.90171,  0.64474,  0.7944
457, 366, -0.04771,  0.65425,  0.47109,  0.43076,  0.03702,  0.90171,  0.64474,  0.7944
458, 367, -0.05161, -0.00263,  0.50667,  0.43076,  0.03702,  0.90171,  0.64474,  0.7944
459, 368, -0.14413, -0.00263,  0.22821, -0.43117, -0.00119, -0.90227,  0.64474,  0.7944
460, 369, -0.15009,  0.51919,  0.22366, -0.43117, -0.00119, -0.90227,  0.64474,  0.7944
461, 370,  0.0174,  0.52075,  0.15032, -0.43117, -0.00119, -0.90227,  0.64474,  0.7944
462, 368, -0.14413, -0.00263,  0.22821, -0.43117, -0.00119, -0.90227,  0.64474,  0.7944
463, 370,  0.0174,  0.52075,  0.15032, -0.43117, -0.00119, -0.90227,  0.64474,  0.7944
464, 371,  0.06279, -0.00263,  0.12261, -0.43117, -0.00119, -0.90227,  0.64474,  0.7944
465, 372,  0.15234,  0.58907,  0.23737,  0.96599,  0.23081,  0.11661,  0.64474,  0.7944
466, 373,  0.12038,  0.76853,  0.16974,  0.96599,  0.23081,  0.11661,  0.64474,  0.7944
467, 374,  0.09121,  0.80605,  0.3143,  0.96599,  0.23081,  0.11661,  0.64474,  0.7944
468, 372,  0.15234,  0.58907,  0.23737,  0.96599,  0.23081,  0.11661,  0.64474,  0.7944
469, 374,  0.09121,  0.80605,  0.3143,  0.96599,  0.23081,  0.11661,  0.64474,  0.7944
470, 375,  0.11979,  0.65582,  0.39776,  0.96599,  0.23081,  0.11661,  0.64474,  0.7944
471, 376, -0.15009,  0.51919,  0.22366,  0.10431, -0.16976, -0.97995,  0.64474,  0.7944
472, 377, -0.60619,  0.76044,  0.08902,  0.10431, -0.16976, -0.97995,  0.64474,  0.7944
473, 378, -0.60168,  0.90639,  0.10851,  0.10431, -0.16976, -0.97995,  0.64474,  0.7944
474, 376, -0.15009,  0.51919,  0.22366,  0.10431, -0.16976, -0.97995,  0.64474,  0.7944
475, 378, -0.60168,  0.90639,  0.10851,  0.10431, -0.16976, -0.97995,  0.64474,  0.7944
476, 379, -0.1403,  0.75489,  0.13958,  0.10431, -0.16976, -0.97995,  0.64474,  0.7944
477, 380,  0.0174,  0.52075,  0.15032,  0.60794, -0.19232, -0.77034,  0.64474,  0.7944
478, 381,  0.00462,  0.74295,  0.08238,  0.60794, -0.19232, -0.77034,  0.64474,  0.7944
479, 382,  0.12038,  0.76853,  0.16974,  0.60794, -0.19232, -0.77034,  0.64474,  0.7944
480, 380,  0.0174,  0.52075,  0.15032,  0.60794, -0.19232, -0.77034,  0.64474,  0.7944
481, 382,  0.12038,  0.76853,  0.16974,  0.60794, -0.19232, -0.77034,  0.64474,  0.7944
482, 383,  0.15234,  0.58907,  0.23737,  0.60794, -0.19232, -0.77034,  0.64474,  0.7944
483, 384,  0.11979,  0.65582,  0.39776,  0.34785,  0.5005,  0.79278,  0.64474,  0.7944
484, 385,  0.09121,  0.80605,  0.3143,  0.34785,  0.5005,  0.79278,  0.64474,  0.7944
485, 386, -0.05371,  0.818,  0.3715,  0.34785,  0.5005,  0.79278,  0.64474,  0.7944
486, 384,  0.11979,  0.65582,  0.39776,  0.34785,  0.5005,  0.79278,  0.64474,  0.7944
487, 386, -0.05371,  0.818,  0.3715,  0.34785,  0.5005,  0.79278,  0.64474,  0.7944
488, 387, -0.04771,  0.65425,  0.47109,  0.34785,  0.5005,  0.79278,  0.64474,  0.7944
489, 388, -0.18265,  0.58593,  0.38404, -0.38946, -0.69839,  0.60048,  0.64474,  0.7944
490, 389, -0.65574,  0.80579,  0.31771, -0.38946, -0.69839,  0.60048,  0.64474,  0.7944
491, 390, -0.6396,  0.69827,  0.21832, -0.38946, -0.69839,  0.60048,  0.64474,  0.7944
492, 388, -0.18265,  0.58593,  0.38404, -0.38946, -0.69839,  0.60048,  0.64474,  0.7944
493, 390, -0.6396,  0.69827,  0.21832, -0.38946, -0.69839,  0.60048,  0.64474,  0.7944
494, 391, -0.16106,  0.50891,  0.29327, -0.38946, -0.69839,  0.60048,  0.64474,  0.7944
495, 392, -0.05371,  0.818,  0.3715, -0.58902,  0.4326,  0.68258,  0.64474,  0.7944
496, 393,  0.36398,  2.37889, -0.26098, -0.58902,  0.4326,  0.68258,  0.64474,  0.7944
497, 394,  0.30968,  2.38853, -0.31027, -0.58902,  0.4326,  0.68258,  0.64474,  0.7944
498, 392, -0.05371,  0.818,  0.3715, -0.58902,  0.4326,  0.68258,  0.64474,  0.7944
499, 394,  0.30968,  2.38853, -0.31027, -0.58902,  0.4326,  0.68258,  0.64474,  0.7944
500, 395, -0.16947,  0.79242,  0.28414, -0.58902,  0.4326,  0.68258,  0.64474,  0.7944
501, 396, -0.04771,  0.65425,  0.47109, -0.61991,  0.38148,  0.6857,  0.64474,  0.7944
502, 397, -0.05371,  0.818,  0.3715, -0.61991,  0.38148,  0.6857,  0.64474,  0.7944
503, 398, -0.16947,  0.79242,  0.28414, -0.61991,  0.38148,  0.6857,  0.64474,  0.7944
504, 396, -0.04771,  0.65425,  0.47109, -0.61991,  0.38148,  0.6857,  0.64474,  0.7944
505, 398, -0.16947,  0.79242,  0.28414, -0.61991,  0.38148,  0.6857,  0.64474,  0.7944
506, 399, -0.18265,  0.58593,  0.38404, -0.61991,  0.38148,  0.6857,  0.64474,  0.7944
507, 400, -0.1403,  0.75489,  0.13958, -0.36554, -0.18721, -0.91178,  0.64474,  0.7944
508, 401,  0.32417,  2.38386, -0.38266, -0.36554, -0.18721, -0.91178,  0.64474,  0.7944
509, 402,  0.39297,  2.36955, -0.40575, -0.36554, -0.18721, -0.91178,  0.64474,  0.7944
510, 400, -0.1403,  0.75489,  0.13958, -0.36554, -0.18721, -0.91178,  0.64474,  0.7944
511, 402,  0.39297,  2.36955, -0.40575, -0.36554, -0.18721, -0.91178,  0.64474,  0.7944
512, 403,  0.00462,  0.74295,  0.08238, -0.36554, -0.18721, -0.91178,  0.64474,  0.7944
513, 404, -0.16947,  0.79242,  0.28414, -0.95254,  0.19892, -0.23042,  0.64474,  0.7944
514, 405,  0.30968,  2.38853, -0.31027, -0.95254,  0.19892, -0.23042,  0.64474,  0.7944
515, 406,  0.32417,  2.38386, -0.38266, -0.95254,  0.19892, -0.23042,  0.64474,  0.7944
516, 404, -0.16947,  0.79242,  0.28414, -0.95254,  0.19892, -0.23042,  0.64474,  0.7944
517, 406,  0.32417,  2.38386, -0.38266, -0.95254,  0.19892, -0.23042,  0.64474,  0.7944
518, 407, -0.1403,  0.75489,  0.13958, -0.95254,  0.19892, -0.23042,  0.64474,  0.7944
519, 408, -0.15009,  0.51919,  0.22366, -0.37676, -0.29409, -0.87839,  0.64474,  0.7944
520, 409, -0.1403,  0.75489,  0.13958, -0.37676, -0.29409, -0.87839,  0.64474,  0.7944
521, 410,  0.00462,  0.74295,  0.08238, -0.37676, -0.29409, -0.87839,  0.64474,  0.7944
522, 408, -0.15009,  0.51919,  0.22366, -0.37676, -0.29409, -0.87839,  0.64474,  0.7944
523, 410,  0.00462,  0.74295,  0.08238, -0.37676, -0.29409, -0.87839,  0.64474,  0.7944
524, 411,  0.0174,  0.52075,  0.15032, -0.37676, -0.29409, -0.87839,  0.64474,  0.7944
525, 412, -0.16106,  0.50891,  0.29327, -0.31324, -0.86771, -0.38595,  0.64474,  0.7944
526, 413, -0.6396,  0.69827,  0.21832, -0.31324, -0.86771, -0.38595,  0.64474,  0.7944
527, 414, -0.60619,  0.76044,  0.08902, -0.31324, -0.86771, -0.38595,  0.64474,  0.7944
528, 412, -0.16106,  0.50891,  0.29327, -0.31324, -0.86771, -0.38595,  0.64474,  0.7944
529, 414, -0.60619,  0.76044,  0.08902, -0.31324, -0.86771, -0.38595,  0.64474,  0.7944
530, 415, -0.15009,  0.51919,  0.22366, -0.31324, -0.86771, -0.38595,  0.64474,  0.7944
531, 416, -0.1403,  0.75489,  0.13958,  0.30888,  0.93909, -0.15071,  0.64474,  0.7944
532, 417, -0.60168,  0.90639,  0.10851,  0.30888,  0.93909, -0.15071,  0.64474,  0.7944
533, 418, -0.6323,  0.93441,  0.24985,  0.30888,  0.93909, -0.15071,  0.64474,  0.7944
534, 416, -0.1403,  0.75489,  0.13958,  0.30888,  0.93909, -0.15071,  0.64474,  0.7944
535, 418, -0.6323,  0.93441,  0.24985,  0.30888,  0.93909, -0.15071,  0.64474,  0.7944
536, 419, -0.16947,  0.79242,  0.28414,  0.30888,  0.93909, -0.15071,  0.64474,  0.7944
537, 420, -0.60168,  0.90639,  0.10851,  0.74774,  0.66267, -0.04191,  0.64474,  0.7944
538, 421, -1.32418,  1.70783,  0.13465,  0.74774,  0.66267, -0.04191,  0.64474,  0.7944
539, 422, -1.33021,  1.7364,  0.23408,  0.74774,  0.66267, -0.04191,  0.64474,  0.7944
540, 420, -0.60168,  0.90639,  0.10851,  0.74774,  0.66267, -0.04191,  0.64474,  0.7944
541, 422, -1.33021,  1.7364,  0.23408,  0.74774,  0.66267, -0.04191,  0.64474,  0.7944
542, 423, -0.6323,  0.93441,  0.24985,  0.74774,  0.66267, -0.04191,  0.64474,  0.7944
543, 424, -0.6396,  0.69827,  0.21832, -0.66755, -0.5856, -0.45984,  0.64474,  0.7944
544, 425, -1.43113,  1.60433,  0.2119, -0.66755, -0.5856, -0.45984,  0.64474,  0.7944
545, 426, -1.38655,  1.6262,  0.12094, -0.66755, -0.5856, -0.45984,  0.64474,  0.7944
546, 424, -0.6396,  0.69827,  0.21832, -0.66755, -0.5856, -0.45984,  0.64474,  0.7944
547, 426, -1.38655,  1.6262,  0.12094, -0.66755, -0.5856, -0.45984,  0.64474,  0.7944
548, 427, -0.60619,  0.76044,  0.08902, -0.66755, -0.5856, -0.45984,  0.64474,  0.7944
549, 428, -0.65574,  0.80579,  0.31771, -0.61174, -0.51437,  0.601,  0.64474,  0.7944
550, 429, -1.39631,  1.67244,  0.28183, -0.61174, -0.51437,  0.601,  0.64474,  0.7944
551, 430, -1.43113,  1.60433,  0.2119, -0.61174, -0.51437,  0.601,  0.64474,  0.7944
552, 428, -0.65574,  0.80579,  0.31771, -0.61174, -0.51437,  0.601,  0.64474,  0.7944
553, 430, -1.43113,  1.60433,  0.2119, -0.61174, -0.51437,  0.601,  0.64474,  0.7944
554, 431, -0.6396,  0.69827,  0.21832, -0.61174, -0.51437,  0.601,  0.64474,  0.7944
555, 432, -0.6323,  0.93441,  0.24985,  0.37,  0.34566,  0.86233,  0.64474,  0.7944
556, 433, -1.33021,  1.7364,  0.23408,  0.37,  0.34566,  0.86233,  0.64474,  0.7944
557, 434, -1.39631,  1.67244,  0.28183,  0.37,  0.34566,  0.86233,  0.64474,  0.7944
558, 432, -0.6323,  0.93441,  0.24985,  0.37,  0.34566,  0.86233,  0.64474,  0.7944
559, 434, -1.39631,  1.67244,  0.28183,  0.37,  0.34566,  0.86233,  0.64474,  0.7944
560, 435, -0.65574,  0.80579,  0.31771,  0.37,  0.34566,  0.86233,  0.64474,  0.7944
561, 436, -0.60619,  0.76044,  0.08902,  0.09185,  0.11723, -0.98885,  0.64474,  0.7944
562, 437, -1.38655,  1.6262,  0.12094,  0.09185,  0.11723, -0.98885,  0.64474,  0.7944
563, 438, -1.32418,  1.70783,  0.13465,  0.09185,  0.11723, -0.98885,  0.64474,  0.7944
564, 436, -0.60619,  0.76044,  0.08902,  0.09185,  0.11723, -0.98885,  0.64474,  0.7944
565, 438, -1.32418,  1.70783,  0.13465,  0.09185,  0.11723, -0.98885,  0.64474,  0.7944
566, 439, -0.60168,  0.90639,  0.10851,  0.09185,  0.11723, -0.98885,  0.64474,  0.7944
